{
  "version": "v1776506007",
  "model_type": "IsolationForest",
  "n_estimators": 200,
  "contamination": 0.002,
  "feature_cols": [
    "Time",
    "V1",
    "V2",
    "V3",
    "V4",
    "V5",
    "V6",
    "V7",
    "V8",
    "V9",
    "V10",
    "V11",
    "V12",
    "V13",
    "V14",
    "V15",
    "V16",
    "V17",
    "V18",
    "V19",
    "V20",
    "V21",
    "V22",
    "V23",
    "V24",
    "V25",
    "V26",
    "V27",
    "V28",
    "Amount"
  ],
  "feature_count": 30,
  "feature_means": [
    94838.20225805884,
    0.008257737485563688,
    -0.006270857415807066,
    0.012170917031845403,
    -0.00785986782046522,
    0.00545311588864745,
    0.0024187484361073526,
    0.009636549929484086,
    -0.0009874711516652873,
    0.004466568691335963,
    0.009823703892289417,
    -0.006576104223821521,
    0.010831723172555738,
    0.0001891994372613584,
    0.012064392184377496,
    0.000160810873440156,
    0.007164072539099487,
    0.011535063252129248,
    0.003887180071097925,
    -0.001177863909078364,
    -0.0006442894068880698,
    -0.001234846805525402,
    -2.4311239340300425e-05,
    6.97519274279322e-05,
    0.00018192536544853305,
    -7.17262632402963e-05,
    -8.937579014912199e-05,
    -0.0002951754138341059,
    -0.00013094035488017133,
    88.29102242231328
  ],
  "feature_stds": [
    47483.9322794791,
    1.929810657851396,
    1.636143175219029,
    1.4594264609010241,
    1.3993307739837115,
    1.3569493047244103,
    1.329910656935508,
    1.1788101167007254,
    1.161281309003834,
    1.0893699825510792,
    1.0442018451712212,
    1.0031101428741538,
    0.9459373621842637,
    0.9950647842450668,
    0.8970049466861546,
    0.9150582596665292,
    0.8447702481607827,
    0.7494553302369439,
    0.8249171688372697,
    0.8117316932648005,
    0.7694022105963088,
    0.716742207130876,
    0.7236671648582931,
    0.6215400606585779,
    0.6057752189450446,
    0.5206722325075195,
    0.48224023541499283,
    0.39984583046320893,
    0.3295693019919061,
    250.1046523874876
  ],
  "threshold": 0.06331806918450666,
  "training_samples": 284315
}